redshift,empirical_q16,empirical_median,empirical_q84,highest_joint_likelihood
5.0,1.0,1.0,1.0,1.0
5.9,0.9578800590841378,1.0,1.0,0.9747920423299118
6.0,0.8855572700279953,0.9990558847343394,1.0,0.9081125361578684
7.0,0.5337591704645177,0.7281431244526044,0.9917512241625391,0.47007457155974564
8.0,0.2603597314983307,0.4138921626233194,0.6184287872648876,0.23426708368955584
9.0,0.13113333365268565,0.22989615920750905,0.3627870716286906,0.12667916577897143
10.0,0.0676824774657554,0.12955979633165726,0.22354614539877798,0.07098773468008546
11.0,0.036375272171601636,0.07529247078263501,0.13743985932491432,0.03998200722139933
12.0,0.019558490540721705,0.04221986800861016,0.08476387824346443,0.022035930306237073
13.0,0.010325133382216412,0.023148362052159532,0.05222735897638331,0.011883959595307747
14.0,0.004908222261545082,0.012361563546930299,0.03133631483785402,0.006089582286659678
15.0,0.002557245043578016,0.006623547869695656,0.01891129007054553,0.003196941302681555
16.0,0.001285846822479897,0.003549651479580973,0.011012507389151995,0.0016422205627719677
17.0,0.0006405495122797335,0.0018921330443322226,0.006523958495561644,0.00085100827578799
18.0,0.0003605135477506849,0.0010257387940395546,0.0037801262406764735,0.0004714164783692354
19.0,0.0002483245964621972,0.0005710483793901489,0.002270164726895345,0.0002987473522129136
20.0,0.00020425698458126362,0.0003501029844699133,0.0013719460616918866,0.00022597200862151112
21.0,0.0001900839656923381,0.00024929812741447677,0.0008395491590391657,0.00019848765754204578
22.0,0.00018481001939107955,0.00020814739816898964,0.0005310514123704023,0.00018964846324820428
23.0,0.0001864062551248935,0.00019398780273149896,0.0003646136691202173,0.00018640343290599048
24.0,0.00018805027070811775,0.00019034529456973814,0.00027863957325280353,0.00018804989514364934
25.0,0.00018968176266298542,0.00018970291924347293,0.0002312675134987785,0.00018968166310173729
26.0,0.00019129889605551398,0.00019130295629565808,0.00020963802359119654,0.00019129887635926934
27.0,0.00019290148765094273,0.0001929029913441127,0.00020022948931455175,0.00019290148642880922
28.0,0.00019449219280431862,0.00019449282025618686,0.0001970405766087424,0.00019449219371381332
29.0,0.00019607300910706726,0.00019607328746928943,0.00019638881317519008,0.00019607300998814026
30.0,0.00019764442086511735,0.00019764454143000876,0.00019766526426678865,0.00019764442143355154
31.0,0.00019920266043982338,0.00019920271066098394,0.00019920943361739774,0.00019920266069561876
32.0,0.00020075627392657225,0.0002007562957828668,0.00020075875682209698,0.00020075627398341567
33.0,0.0002022979594755725,0.00020229796666626498,0.00020229889402230582,0.00020229795958925934
34.0,0.0002038364914938029,0.0002038364941938653,0.0002038368236298993,0.0002038364915222246
35.0,0.0002053976058959961,0.0002053976058959961,0.0002053976058959961,0.0002053976058959961
