redshift,neutral_fraction_q16,neutral_fraction_median,neutral_fraction_q84,neutral_fraction_highest_joint_likelihood
5.0,0.0,0.0,0.0,0.0
5.9,0.0,0.0,0.04211994091586224,0.02520795767008821
6.0,0.0,0.0009441152656606278,0.11444272997200466,0.09188746384213164
7.0,0.008248775837460864,0.27185687554739557,0.4662408295354823,0.5299254284402544
8.0,0.3815712127351124,0.5861078373766806,0.7396402685016693,0.7657329163104442
9.0,0.6372129283713094,0.770103840792491,0.8688666663473144,0.8733208342210286
10.0,0.7764538546012221,0.8704402036683427,0.9323175225342446,0.9290122653199145
11.0,0.8625601406750857,0.924707529217365,0.9636247278283984,0.9600179927786007
12.0,0.9152361217565356,0.9577801319913899,0.9804415094592783,0.9779640696937629
13.0,0.9477726410236167,0.9768516379478405,0.9896748666177836,0.9881160404046923
14.0,0.968663685162146,0.9876384364530697,0.9950917777384549,0.9939104177133403
15.0,0.9810887099294545,0.9933764521303043,0.997442754956422,0.9968030586973184
16.0,0.988987492610848,0.996450348520419,0.9987141531775201,0.998357779437228
17.0,0.9934760415044384,0.9981078669556678,0.9993594504877202,0.999148991724212
18.0,0.9962198737593235,0.9989742612059604,0.9996394864522493,0.9995285835216308
19.0,0.9977298352731047,0.9994289516206099,0.9997516754035378,0.9997012526477871
20.0,0.9986280539383081,0.9996498970155301,0.9997957430154187,0.9997740279913785
21.0,0.9991604508409608,0.9997507018725855,0.9998099160343077,0.999801512342458
22.0,0.9994689485876296,0.999791852601831,0.9998151899806089,0.9998103515367518
23.0,0.9996353863308798,0.9998060121972685,0.9998135937448751,0.999813596567094
24.0,0.9997213604267472,0.9998096547054303,0.9998119497292919,0.9998119501048564
25.0,0.9997687324865012,0.9998102970807565,0.999810318237337,0.9998103183368983
26.0,0.9997903619764088,0.9998086970437043,0.9998087011039445,0.9998087011236407
27.0,0.9997997705106855,0.9998070970086559,0.9998070985123491,0.9998070985135712
28.0,0.9998029594233913,0.9998055071797438,0.9998055078071957,0.9998055078062862
29.0,0.9998036111868248,0.9998039267125307,0.9998039269908929,0.9998039269900119
30.0,0.9998023347357332,0.99980235545857,0.9998023555791349,0.9998023555785664
31.0,0.9998007905663826,0.999800797289339,0.9998007973395602,0.9998007973393044
32.0,0.9997992412431779,0.9997992437042171,0.9997992437260734,0.9997992437260166
33.0,0.9997977011059777,0.9997977020333337,0.9997977020405244,0.9997977020404107
34.0,0.9997961631763701,0.9997961635058061,0.9997961635085062,0.9997961635084778
35.0,0.999794602394104,0.999794602394104,0.999794602394104,0.999794602394104
