redshift,q16,median,q84,highest_joint_likelihood
5.0,0.0,0.0,0.0,0.0
5.9,0.0,0.0,0.02916551001272127,0.0
6.0,0.0,0.0,0.1014896327984447,0.0
7.0,0.0011328140627711036,0.3075025098055666,0.5693959618334485,0.23082253456729468
8.0,0.46214470298480015,0.672923069645011,0.8301192753582667,0.7674633752366917
9.0,0.7358648207534146,0.8505615568861752,0.928030754895246,0.9208152991295449
10.0,0.8513926385990629,0.9239777677356038,0.9663476775029334,0.9670696717738176
11.0,0.913868009119072,0.9590584086770553,0.9831229550692341,0.9845123249582501
12.0,0.9498889234578273,0.9773944359007076,0.9914824061137001,0.9925645351100978
13.0,0.9711866906855856,0.9874488291045463,0.9955851303291561,0.9962469332538767
14.0,0.9837223248458855,0.9938379542444804,0.9982872816635064,0.9986946809596127
15.0,0.9906114966751378,0.9965032428756113,0.9989348965232789,0.9991374694462802
16.0,0.9946089306582167,0.9981401484652139,0.9994056997249707,0.9995031563658703
17.0,0.9968779953345319,0.9990142444103114,0.9996464213663594,0.9996912347913742
18.0,0.9981652954279441,0.9994544666605589,0.9997538873577518,0.9997725346762181
19.0,0.9988553814149839,0.9996649574726035,0.9997965718072521,0.999803684476916
20.0,0.9992650636012286,0.9997572938238406,0.9998110169976826,0.9998134804214374
21.0,0.9995051432058517,0.9997945837113491,0.9998165104828161,0.9998169417907832
22.0,0.9996398894067795,0.9998077728602368,0.9998152589230994,0.9998152608826842
23.0,0.999719548044709,0.9998114415217003,0.9998135970791395,0.9998135965059305
24.0,0.9997647679317799,0.9998119054613426,0.9998119504231795,0.9998119500969551
25.0,0.9997899627315121,0.9998103091669464,0.9998103184915408,0.9998103183433216
26.0,0.9998003278449232,0.9998086984274437,0.9998087011953487,0.9998087011302346
27.0,0.9998039662352483,0.9998070976131999,0.9998070985430161,0.9998070985174365
28.0,0.999804802541604,0.9998055074601808,0.9998055078192226,0.9998055078092136
29.0,0.9998037971671465,0.9998039268431,0.9998039269952415,0.9998039269910919
30.0,0.99980230995669,0.9998023555139639,0.9998023555810391,0.9998023555791633
31.0,0.9998007803552014,0.9998007973133269,0.9998007973401002,0.9998007973395318
32.0,0.9997992365237849,0.9997992437139658,0.9997992437264145,0.999799243726045
33.0,0.999797699018103,0.9997977020364885,0.9997977020406097,0.999797702040496
34.0,0.9997961624857794,0.999796163506943,0.9997961635085915,0.9997961635085062
35.0,0.999794602394104,0.999794602394104,0.999794602394104,0.999794602394104
